{"train_loss": 0.0, "_timestamp": 1699183854.321882, "_runtime": 317.39502811431885, "_step": 4995, "_wandb": {"runtime": 319}}