{"train_loss": 0.038255784660577774, "_timestamp": 1699186742.114764, "_runtime": 1841.9111819267273, "_step": 12519, "epoch_train_loss": 0.13629263320139476, "epoch_test_loss": 0.13462719321250916, "_wandb": {"runtime": 1598}}