{"train_loss": 0.012790895067155361, "_timestamp": 1699183924.818191, "_runtime": 50.98095417022705, "_step": 8, "_wandb": {"runtime": 221}}