{"train_loss": 0.1157449260354042, "_timestamp": 1699184771.76961, "_runtime": 356.2070679664612, "_step": 3069, "test_loss": 0.03654121607542038, "_wandb": {"runtime": 353}}