{"train_loss": 0.01416357234120369, "_timestamp": 1699184338.812601, "_runtime": 233.76026606559753, "_step": 2079, "test_loss": 0.047120846807956696, "_wandb": {"runtime": 232}}