{"epoch_test_loss": 0.13474713265895844, "_timestamp": 1699189841.6051798, "_runtime": 817.3244457244873, "_step": 13190}